id,tag_name,covpercent,dayDifference, dayDifferenceHours
581017,4.0,0.8303379892262954,78 days,8:52:35
3471198,4.1,0.8410104945641927,631 days,23:02:01
