id,tag_name,covpercent,dayDifference, dayDifferenceHours
980529,0.7,0.4832919555974089,259 days,21:12:26
1541978,0.8,0.5589122626988199,140 days,23:59:37
