id,tag_name,covpercent,dayDifference, dayDifferenceHours
1331174,3.3,0.8069073783359497,561 days,7:47:36
3051755,3.4,0.2534336338855106,331 days,14:28:51
